lcous name,marker,chromsome,position
PZE-101000431,SNP2,1,0
PZE-101000169,SNP1,1,0.972
SYN6001,SNP4,1,1.615
PZE-101001107,SNP3,1,1.721
PZE-101005032,SNP5,1,4.796
PZE-101007769,SNP6,1,7.515
PZE-101009163,SNP7,1,8.896
SYN7706,SNP8,1,11.317
SYN6738,SNP9,1,14.935
PZE-101018023,SNP10,1,22.189
SYN20032,SNP12,1,28.839
PZE-101022341,SNP11,1,30.247
csu1171.2,SNP13,1,33.622
PZE-101026882,SNP14,1,36.275
PZE-101028930,SNP15,1,37.279
PZE-101029737,SNP16,1,39.503
PZE-101031043,SNP19,1,40.165
PZE-101030692,SNP18,1,40.24
PZE-101030221,SNP17,1,40.513
PZE-101032015,SNP21,1,40.991
PZE-101031636,SNP20,1,41.032
PZE-101034101,SNP22,1,42.348
PZE-101035341,SNP24,1,43.821
PZE-101037751,SNP25,1,46.037
PZE-101040677,SNP29,1,47.534
PZE-101039466,SNP27,1,47.544
SYN246,SNP28,1,47.577
PZE-101039024,SNP26,1,47.907
PZE-101041088,SNP30,1,48.548
PZE-101043600,SNP32,1,48.761
PZE-101048857,SNP39,1,48.802
PZE-101048542,SNP38,1,48.967
PZE-101046755,SNP37,1,49.157
PZE-101042424,SNP31,1,49.194
PZE-101045203,SNP34,1,49.233
PZE-101049395,SNP40,1,49.801
SYN7081,SNP42,1,52.032
PZE-101053715,SNP44,1,52.065
SYN25114,SNP45,1,52.44
PZE-101051733,SNP43,1,52.455
PZE-101054533,SNP46,1,52.471
PZE-101056007,SNP47,1,53.41
PZE-101056687,SNP48,1,56.108
PZE-101057994,SNP49,1,57.02
SYN36556,SNP50,1,57.984
PZE-101059325,SNP51,1,58.422
SYN10021,SNP52,1,62.26
PZE-101062737,SNP53,1,62.924
PZE-101063328,SNP55,1,63.108
PZE-101063113,SNP54,1,63.113
PZE-101064334,SNP57,1,63.829
SYN20717,SNP56,1,63.897
PZE-101064790,SNP58,1,64.121
PZE-101066588,SNP62,1,64.572
PZE-101066420,SNP61,1,64.862
PZE-101068696,SNP67,1,65.09
PZE-101068099,SNP65,1,65.274
PZE-101065651,SNP60,1,65.282
PZE-101066968,SNP64,1,65.337
PZE-101068426,SNP66,1,65.436
PZE-101070408,SNP68,1,66.034
PZE-101072075,SNP69,1,68.229
PZE-101073032,SNP70,1,70.237
PZE-101073078,SNP71,1,70.244
SYNGENTA15554,SNP72,1,71.154
PZE-101074357,SNP74,1,71.7
PZE-101074011,SNP73,1,72.226
PZE-101074699,SNP75,1,72.83
SYN18641,SNP77,1,74.282
PZE-101076734,SNP78,1,75.258
PZE-101077460,SNP79,1,76.011
SYN6888,SNP80,1,76.628
SYN24195,SNP81,1,77.055
SYN35654,SNP83,1,78.276
PZE-101079825,SNP82,1,78.625
PZE-101082238,SNP86,1,80.035
PZE-101119846,SNP84,1,80.13
PZE-101081178,SNP87,1,80.933
PZE-101081855,SNP88,1,81.899
SYN341,SNP90,1,84.764
PZE-101083000,SNP89,1,84.792
PZE-101085005,SNP91,1,86.509
PZE-101085696,SNP94,1,87.103
PZE-101087758,SNP98,1,87.848
PZE-101088153,SNP99,1,87.849
SYN3140,SNP95,1,87.864
PZE-101089572,SNP101,1,89.438
PZE-101089776,SNP102,1,89.452
PZE-101092082,SNP103,1,90.607
PZE-101097716,SNP106,1,93.443
PZE-101098199,SNP107,1,93.806
PZE-101097596,SNP105,1,93.823
PZE-101099031,SNP108,1,94.42
PZE-101096356,SNP112,1,94.591
PZE-101133073,SNP168,1,94.97
PZE-101131188,SNP165,1,95.227
PZE-101095352,SNP109,1,95.422
PZE-101102424,SNP118,1,95.72
PZE-101119758,SNP145,1,95.753
PZE-101102494,SNP119,1,95.833
PZE-101106605,SNP129,1,95.848
PZE-101100604,SNP115,1,95.852
SYN2428,SNP142,1,95.924
PZE-101103210,SNP123,1,95.959
SYN28967,SNP159,1,95.979
PZE-101128051,SNP162,1,96.013
PZE-101116339,SNP141,1,96.038
PZE-101127126,SNP160,1,96.038
PZE-101128372,SNP163,1,96.05
PZE-101111606,SNP134,1,96.098
PZE-101095445,SNP110,1,96.169
PZE-101095816,SNP111,1,96.222
PZE-101112676,SNP138,1,96.259
PZE-101106851,SNP130,1,96.329
PZE-101104630,SNP124,1,96.331
PZE-101096835,SNP113,1,96.336
PZE-101102819,SNP121,1,96.337
PZE-101105756,SNP127,1,96.34
PZE-101105288,SNP126,1,96.401
PZE-101111141,SNP133,1,96.436
PZE-101124311,SNP153,1,96.441
SYN33475,SNP114,1,96.456
PZE-101108224,SNP132,1,96.594
PZE-101118816,SNP143,1,96.639
PZE-101123232,SNP149,1,96.672
PZE-101111793,SNP135,1,96.7
PZE-101125194,SNP155,1,96.702
PZE-101113273,SNP139,1,96.737
PZE-101123996,SNP151,1,96.75
PZE-101131103,SNP164,1,97.898
PZE-101131782,SNP166,1,98.182
PZE-101133216,SNP169,1,98.654
PZE-101132939,SNP167,1,98.675
PZE-101134572,SNP171,1,99.382
PZE-101134383,SNP170,1,100.075
SYN26377,SNP172,1,104.361
PZE-101138198,SNP177,1,105.841
PZE-101137456,SNP173,1,105.875
PZE-101137593,SNP174,1,106.34
PZE-101139211,SNP178,1,107.792
SYNGENTA16618,SNP179,1,108.466
PZE-101139847,SNP180,1,109.258
SYN25877,SNP182,1,109.676
PZE-101140614,SNP181,1,110.064
PZE-101141198,SNP183,1,110.379
PZE-101141594,SNP184,1,110.469
PZE-101141959,SNP185,1,111.123
PZE-101143143,SNP186,1,113.732
PZE-101144184,SNP188,1,114.15
PZE-101143899,SNP187,1,114.599
PZE-101144740,SNP189,1,115.487
PZE-101146294,SNP191,1,117.472
PZE-101145805,SNP190,1,118.2
SYN35045,SNP194,1,119.832
SYN14208,SNP192,1,120.586
PZE-101147579,SNP193,1,120.638
PUT-163a-60355633-2771,SNP196,1,123.031
SYN35986,SNP195,1,123.182
SYN30956,SNP198,1,123.622
SYN31534,SNP199,1,124.431
PZE-101153809,SNP200,1,126.964
PZE-101156315,SNP202,1,131.86
PZE-101155828,SNP201,1,132.124
PZE-101156619,SNP203,1,133.071
PZE-101157412,SNP204,1,135.103
SYN19602,SNP205,1,135.793
PZE-101159840,SNP206,1,136.266
PZE-101160294,SNP208,1,136.559
SYN39117,SNP207,1,137.249
PZE0006168173,SNP210,1,138.275
PZE-100001759,SNP209,1,138.926
PZE-101160748,SNP212,1,139.485
PZE-101160546,SNP211,1,139.809
PZE-101161396,SNP213,1,140.492
PZE-101162140,SNP215,1,142.189
PZE-101161701,SNP214,1,142.529
PZE-101162306,SNP216,1,143.263
PZE-101163206,SNP217,1,144.915
PZE-101165016,SNP218,1,146.563
PZE-101165483,SNP219,1,147.354
PZE-101166092,SNP220,1,148.111
PZE-101166754,SNP222,1,149.004
PZE-101166376,SNP221,1,149.361
SYN14508,SNP223,1,149.418
PZE-101167434,SNP224,1,150.572
PZE-101167656,SNP225,1,151.344
PZE-101168156,SNP226,1,151.591
PZE-101169042,SNP227,1,152.329
PZE-101170408,SNP229,1,154.234
PZE-101170220,SNP228,1,154.894
PZE-101171655,SNP230,1,155.646
PZE-101189687,SNP252,1,156.058
PZE-101196337,SNP263,1,156.061
PZE-101179982,SNP243,1,156.101
SYN28645,SNP232,1,156.104
PZE-101183799,SNP247,1,156.391
PZE-101177940,SNP240,1,156.582
PZE-101195479,SNP261,1,156.611
SYN31629,SNP235,1,156.658
PZE-101182128,SNP245,1,156.765
PZE-101184638,SNP248,1,156.778
PZE-101196421,SNP264,1,156.783
PZE-101171852,SNP231,1,156.796
PZE-101196709,SNP265,1,156.857
PZE-101182691,SNP246,1,156.876
PZE-101177603,SNP239,1,156.985
PZE-101191468,SNP254,1,157.001
SYN20798,SNP260,1,157.01
PZE-101197050,SNP266,1,157.097
PZE-101191596,SNP255,1,157.315
PZB00011.1,SNP251,1,157.324
PZE-101173784,SNP234,1,157.496
PZE-101178589,SNP241,1,157.52
SYN11270,SNP253,1,157.54
PZE-101194985,SNP259,1,157.546
SYN17606,SNP233,1,157.574
PZE-101187227,SNP249,1,157.734
PZE-101176725,SNP238,1,157.736
PZE-101176580,SNP237,1,157.845
PZE-101179560,SNP242,1,158.32
PZE-101197699,SNP267,1,158.867
PZE-101199192,SNP270,1,159.523
PZE-101198833,SNP269,1,160.138
SYN20343,SNP268,1,160.379
PZE-101199742,SNP272,1,160.531
PZE-101199598,SNP271,1,161.224
PZE-101203040,SNP273,1,161.99
PZE-101202176,SNP274,1,163.104
PZE-101201504,SNP275,1,165.143
PZE-101201013,SNP277,1,166.112
PZE-101201219,SNP276,1,166.375
PZE-101204728,SNP278,1,168.12
PZE-101206252,SNP279,1,170.819
PZE-101207960,SNP280,1,173.693
PZE-101211336,SNP282,1,178.878
SYN10396,SNP281,1,179.516
PZE-101212116,SNP284,1,180.224
PZE-101214116,SNP287,1,181.472
PZE-101213558,SNP286,1,181.5
PZE-101213102,SNP285,1,182.258
PZE-101216104,SNP289,1,184.063
SYN9157,SNP288,1,184.829
PZE-101217291,SNP290,1,185.132
PZE-101218384,SNP291,1,185.567
PZE-101218801,SNP292,1,185.577
PZE-101221583,SNP295,1,189.344
SYN8075,SNP294,1,189.937
PUT-163a-16919241-1005,SNP303,1,190.217
SYN13804,SNP306,1,190.318
PUT-163a-4621393-2084,SNP298,1,190.5
PZE-101224937,SNP302,1,190.715
PZE-101222419,SNP296,1,190.822
PZE-101227048,SNP304,1,191.116
PZE-101227145,SNP305,1,191.12
SYN19136,SNP301,1,191.52
PZE-101228519,SNP307,1,192.893
PZE-101229654,SNP308,1,192.911
PZE-101231477,SNP309,1,198.92
PUT-163a-31997542-2011,SNP310,1,203.255
SYN10352,SNP311,1,203.486
PZE-101235826,SNP314,1,203.657
SYN5986,SNP312,1,203.67
PZE-101238691,SNP316,1,209.269
SYN38913,SNP317,1,211.369
SYN37692,SNP319,1,212.489
SYN37680,SNP318,1,212.499
ZM012173-0545,SNP320,1,213.323
SYN21892,SNP321,1,214.948
SYN434,SNP322,1,215.011
PZE-101244344,SNP323,1,215.768
PZA03556.1,SNP324,1,218.059
PZE-101246581,SNP325,1,218.441
SYN15628,SNP327,1,220.914
SYN15622,SNP326,1,221.246
SYN12422,SNP328,1,225.983
SYN36182,SNP329,1,228.757
PZE-101256470,SNP331,1,232.411
PZE-101256641,SNP332,1,232.836
PZE-101257184,SNP333,1,234.4
SYN16573,SNP330,1,234.864
SYN36798,SNP334,2,0
PZE-102000846,SNP335,2,0.73
SYN20783,SNP336,2,1.856
PZE-102002992,SNP337,2,3.932
SYN157,SNP338,2,4.637
SYN6306,SNP339,2,10.125
PZE-102006385,SNP340,2,16.984
PZE-102011551,SNP341,2,22.16
PZE-102015152,SNP342,2,25.111
PZE-102017304,SNP344,2,30.4
PZA03747.1,SNP343,2,30.673
PZE-102024868,SNP346,2,39.644
SYN13011,SNP345,2,40.317
PZE-102027052,SNP347,2,41.561
SYN24701,SNP348,2,42.15
PZE-102030702,SNP349,2,43.197
PZE-102032700,SNP351,2,44.536
PZA02337.4,SNP352,2,44.901
PZE-102032347,SNP350,2,45.563
SYN7477,SNP353,2,45.714
PZE-102035734,SNP354,2,46.96
PZE-102038897,SNP356,2,47.688
PZE-102038547,SNP355,2,48.165
PZE-102039927,SNP357,2,49.226
PZE-102040183,SNP358,2,49.746
SYN9105,SNP359,2,50.17
PZE-102043498,SNP361,2,51.33
PZE-102043269,SNP360,2,51.676
PZE-102045032,SNP362,2,52.405
PZE-102045819,SNP363,2,52.668
PZE-102046980,SNP365,2,53.961
PZE-102046696,SNP364,2,54.178
PZE-102047194,SNP366,2,54.878
PZE-102047388,SNP367,2,55.572
PZE-102049681,SNP368,2,56.805
PZE-102050753,SNP370,2,57.326
PZE-102050587,SNP369,2,57.333
SYNGENTA11732,SNP371,2,58.608
PZE-102051738,SNP372,2,58.852
PZE-102053562,SNP373,2,60.061
PUT-163a-148957860-553,SNP374,2,60.708
PZE-102056295,SNP376,2,61.621
PZE-102055945,SNP375,2,62.108
PZE-102058084,SNP379,2,62.141
PZE-102056425,SNP377,2,62.45
SYN5394,SNP378,2,62.523
PZE-102060224,SNP382,2,63.089
PZE-102060479,SNP383,2,63.094
PZE-102059196,SNP380,2,63.382
PZE-102059924,SNP381,2,63.661
PZE-102061288,SNP385,2,65.359
PZE-102061091,SNP384,2,65.414
PZE-102061416,SNP386,2,66.155
SYN39136,SNP387,2,68.714
SYN29587,SNP388,2,68.745
PZE-102065179,SNP394,2,70.058
PZE-102063348,SNP389,2,70.277
SYN15445,SNP391,2,70.479
SYN33042,SNP392,2,70.911
PZE-102064632,SNP393,2,71.068
PZE-102067552,SNP396,2,71.606
PZE-102068688,SNP398,2,71.746
PZE-102067216,SNP395,2,72.154
PZE-102068514,SNP397,2,72.401
PZA02450.1,SNP399,2,72.657
PZE-102069529,SNP400,2,73.17
PZE-102071784,SNP403,2,73.546
SYN22303,SNP404,2,73.855
PZE-102071022,SNP401,2,74.053
PZE-102071670,SNP402,2,74.306
PZE-102072775,SNP405,2,74.338
SYN24086,SNP407,2,74.705
PZE-102074562,SNP409,2,75.267
PZE-102075471,SNP410,2,75.332
PZE-102075762,SNP411,2,75.562
PZE-102076599,SNP413,2,75.743
PZE-102076429,SNP412,2,76.018
PZE-102076812,SNP414,2,76.032
PZE-102074443,SNP408,2,76.332
PZE-102077958,SNP417,2,77.332
PZE-102077370,SNP415,2,77.59
PZE-102077511,SNP416,2,77.72
PZE-102080737,SNP424,2,78.204
PZE-102080069,SNP422,2,78.381
PZE-102079911,SNP420,2,78.399
PZE-102080022,SNP421,2,78.519
PZE-102078926,SNP418,2,78.638
PZE-102080979,SNP429,2,78.823
SYN17560,SNP430,2,78.936
PZE-102080818,SNP426,2,78.997
PZE-102080894,SNP427,2,79.004
PZE-102081022,SNP431,2,79.064
PZE-102080558,SNP423,2,79.389
SYN27612,SNP419,2,79.652
PZE-102098923,SNP439,2,80.074
PZE-102100930,SNP461,2,80.261
PZE-102101047,SNP462,2,80.312
PZE-102101500,SNP463,2,80.313
PZE-102095151,SNP458,2,80.339
PZE-102101917,SNP467,2,80.417
PZE-102101817,SNP465,2,80.42
PZE-102102760,SNP468,2,80.429
PZE-102100718,SNP460,2,80.439
PZE-102094259,SNP457,2,80.528
PZE-102083689,SNP438,2,80.636
PZE-102082568,SNP436,2,80.763
PZE-102080779,SNP425,2,80.813
PZE-102082222,SNP433,2,80.86
PZE-102106384,SNP479,2,81.08
PZE-102092709,SNP451,2,81.131
PZE-103095261,SNP440,2,81.217
PZE-102107027,SNP481,2,81.325
SYN36976,SNP471,2,81.338
PZE-102105276,SNP476,2,81.413
PZE-102105074,SNP475,2,81.492
PZE-102107776,SNP483,2,81.498
PZE-102104363,SNP472,2,81.994
PZE-102093643,SNP456,2,82.075
PZE-102091516,SNP450,2,82.08
PZE-102088647,SNP444,2,82.297
PZE-102089165,SNP448,2,82.299
PZE-102088540,SNP443,2,82.313
PZE-102090176,SNP449,2,82.322
PZE-103095693,SNP441,2,82.325
PZE-102088855,SNP446,2,82.328
PZE-102088757,SNP445,2,82.33
PZE-102093241,SNP452,2,82.547
PZE-102103687,SNP470,2,82.733
PZE-102105765,SNP477,2,82.736
PZE-102106190,SNP478,2,82.888
PZE-102104531,SNP473,2,82.978
PZE-102107631,SNP482,2,83.234
PZE-102107923,SNP484,2,83.29
PZE-102110629,SNP487,2,83.577
PZE-102111672,SNP491,2,83.937
PZE-102111557,SNP490,2,84.321
PZE-102111018,SNP488,2,84.425
ZM011052-0171,SNP489,2,84.435
SYN22867,SNP496,2,84.623
PZE-102113229,SNP495,2,84.81
PZE-102112313,SNP493,2,85.118
PZE-102112725,SNP494,2,85.125
PZA01280.2,SNP498,2,85.716
PZE-102114557,SNP497,2,85.845
PZE-102115690,SNP499,2,86.524
SYN16390,SNP500,2,86.811
PZE-102116199,SNP501,2,87.187
PZE-102117310,SNP507,2,87.561
PZE-102117342,SNP508,2,87.619
PZE-102117120,SNP505,2,87.703
PZE-102117173,SNP506,2,87.709
PZE-102117741,SNP509,2,87.929
PZE-102116677,SNP504,2,88.211
PZE-102118224,SNP510,2,88.245
SYN6640,SNP512,2,88.389
PZE-102116456,SNP503,2,88.42
SYN31420,SNP502,2,88.605
PZE-102120220,SNP516,2,88.932
PZE-102120581,SNP520,2,89.796
PZE-102120370,SNP518,2,90.028
PZE-102120501,SNP519,2,90.037
PZE-102120342,SNP517,2,90.057
PZE-102120959,SNP523,2,90.503
PZE-102121940,SNP525,2,90.746
SYN33167,SNP522,2,90.751
PZE-102121893,SNP524,2,90.976
PZE-102123500,SNP528,2,91.389
PZE-102122951,SNP527,2,91.391
PZE-102123913,SNP531,2,91.673
SYN14591,SNP530,2,91.717
PZE-102122572,SNP526,2,91.947
PZE-102124171,SNP532,2,92.383
PZE-102124843,SNP534,2,92.395
SYN9264,SNP533,2,92.407
PZE-102124969,SNP535,2,92.653
SYN17434,SNP538,2,93.66
PZE-102126264,SNP536,2,94.019
SYN9559,SNP537,2,94.142
SYN34721,SNP541,2,94.548
SYN36155,SNP539,2,94.884
PZE-102127775,SNP540,2,95.079
PZE-102129949,SNP545,2,95.523
PZE-102128815,SNP543,2,95.665
PZE-102129469,SNP544,2,95.836
PZE-102130712,SNP547,2,98.247
PZE-102130369,SNP546,2,98.309
PZE-102130853,SNP548,2,98.483
PZE-102131295,SNP549,2,99.142
PZE-102131748,SNP551,2,100.357
PZE-102131545,SNP550,2,100.659
PZE-102132592,SNP552,2,103.304
PZE-102136109,SNP556,2,107.854
PZE-102136708,SNP557,2,107.995
SYN1715,SNP555,2,108.372
PZE-102134217,SNP553,2,108.472
PZE-102134800,SNP554,2,108.769
PZE-102137663,SNP558,2,111.693
PZE-102138920,SNP559,2,113.487
PZE-102141171,SNP560,2,116.968
SYN216,SNP561,2,120.659
PZE-102142214,SNP562,2,121.086
PZE-102143603,SNP563,2,123.347
PZE-102144438,SNP564,2,123.644
PZE-102145766,SNP566,2,125.177
PZE-102145592,SNP565,2,125.485
SYN25365,SNP567,2,125.607
PZE-102146710,SNP568,2,126.482
PZE-102147272,SNP569,2,127.685
PZE-102147840,SNP570,2,128.984
PZE-102148480,SNP571,2,132.219
PZE-102149810,SNP572,2,132.913
PZE-102157010,SNP581,2,133.653
PZE-102159268,SNP584,2,133.766
PZE-102155296,SNP577,2,133.992
PZE-102158439,SNP583,2,134.126
PZE-102150762,SNP575,2,134.365
SYN39126,SNP580,2,134.51
PZE-102155107,SNP576,2,134.671
PZE-102155421,SNP579,2,134.703
PZE-102161022,SNP586,2,134.879
SYN26565,SNP588,2,134.928
SYN25764,SNP573,2,135.115
SYN25763,SNP574,2,135.365
PZE-102160183,SNP585,2,135.772
PZE-102164353,SNP589,2,136.39
PZE-102166741,SNP595,2,136.718
PZE-102165455,SNP592,2,137.071
SYN18416,SNP591,2,137.737
SYN9525,SNP590,2,137.989
PZE-102165687,SNP593,2,138.143
SYN730,SNP596,2,138.935
PZE-102169535,SNP599,2,139.109
SYN10658,SNP597,2,139.526
ZM008753-0926,SNP600,2,140.192
PZE-102170920,SNP601,2,140.254
SYN32408,SNP602,2,140.652
PZE-102173058,SNP603,2,143.047
PUT-163a-60400153-3015,SNP604,2,145.166
PZE-102175918,SNP605,2,146.594
PZE-102177322,SNP606,2,148.098
PZE-102179430,SNP607,2,150.541
PZE-102179524,SNP608,2,150.981
PZE-102180652,SNP610,2,151.807
SYN8667,SNP611,2,152.731
PZE-102182682,SNP612,2,155.877
PZE-102183284,SNP614,2,158.096
PZE-102183145,SNP613,2,159.049
SYN6350,SNP615,2,164.465
PZE-102185951,SNP616,2,164.475
SYN38986,SNP617,2,165.246
PZE-102187611,SNP618,2,168.741
SYN37211,SNP619,2,170.936
PUT-163a-148959370-565,SNP620,2,171.655
SYN34408,SNP623,2,173.242
PZE-102189664,SNP622,2,173.411
PZE-102189370,SNP621,2,173.847
PZE-102191341,SNP624,2,176.756
PZE-102192366,SNP625,2,178.656
PZE-102194180,SNP630,2,180.089
PZE-102193904,SNP629,2,181.895
PUT-163a-110194326-44,SNP627,2,183.463
PZE-102192634,SNP626,2,184.418
PZE-102193611,SNP628,2,185.488
PZA00309.1,SNP632,3,0
PZE-103000239,SNP631,3,0.238
SYN13534,SNP633,3,3.726
PZE-103001968,SNP634,3,5.383
PZE-103006124,SNP635,3,15.224
SYN6759,SNP636,3,17.046
PUT-163a-71423695-3220,SNP637,3,22.444
SYN31020,SNP639,3,27.997
SYN7905,SNP638,3,28.581
PZE-103010658,SNP640,3,29.14
PZE-103014248,SNP641,3,35.734
PZE-103015842,SNP642,3,38.76
SYN7557,SNP646,3,40.44
SYN36244,SNP645,3,40.682
PZE-103018221,SNP648,3,41.943
PZE-103017733,SNP647,3,41.951
SYN32677,SNP644,3,41.99
PZE-103016707,SNP643,3,42.03
PZE-103019324,SNP651,3,43.351
SYN12567,SNP653,3,43.676
PZE-103018992,SNP650,3,43.774
PZE-103018799,SNP649,3,44.488
SYNGENTA10369,SNP652,3,45.211
PZE-103019891,SNP654,3,47.414
PZE-103021381,SNP657,3,48.593
PZE-103020274,SNP655,3,48.983
PZE-103021185,SNP656,3,48.992
SYN37354,SNP658,3,49.586
PZE-103022475,SNP661,3,49.735
PZE-103021909,SNP659,3,49.779
PZE-103022239,SNP660,3,49.905
PZE-103025592,SNP664,3,50.403
PZE-103023925,SNP662,3,50.445
PZE-103025278,SNP663,3,50.445
PZE-103026528,SNP669,3,50.646
PZE-103025710,SNP665,3,50.659
PZE-103026263,SNP668,3,50.667
PZE-103025781,SNP666,3,50.681
PZE-103025978,SNP667,3,50.695
PZE-103027495,SNP670,3,51.283
PZE-103027544,SNP671,3,51.283
PZE-103029035,SNP674,3,51.913
PZE-103028591,SNP672,3,52.114
PZE-103028926,SNP673,3,52.304
PZE-103029568,SNP675,3,52.917
PZE-103030210,SNP676,3,53.523
PZE-103030646,SNP677,3,54.316
PZE-103030847,SNP678,3,54.514
PZE-103031532,SNP680,3,55.842
PZE-103031323,SNP679,3,56.043
PZE-103031625,SNP681,3,56.052
PZE-103033186,SNP684,3,57.299
PZE-103032285,SNP682,3,57.328
PZE-103033917,SNP686,3,57.331
PZE-103032441,SNP683,3,57.533
PZE-103033638,SNP685,3,57.66
PZE-103034455,SNP687,3,58.123
PZE-103036644,SNP689,3,58.312
PZE-103034769,SNP688,3,58.346
PZE-103037038,SNP690,3,58.346
PZE-103041997,SNP699,3,58.735
SYN873,SNP698,3,58.84
PZE-103037364,SNP691,3,58.854
PZE-103040865,SNP694,3,58.854
PZE-103038701,SNP693,3,58.995
PZE-103041237,SNP695,3,58.995
PZE-103041821,SNP697,3,58.995
PZE-103043464,SNP701,3,58.995
PZE-103043664,SNP702,3,59.068
PZE-103042061,SNP700,3,59.19
PZE-103038446,SNP692,3,59.216
PZE-103041398,SNP696,3,59.316
PZE-103044640,SNP705,3,59.704
PZE-103044592,SNP704,3,59.756
PUT-163a-84969550-4460,SNP709,3,59.756
PZE-103047054,SNP711,3,59.756
PZE-103045639,SNP707,3,59.886
PZE-103046561,SNP710,3,59.886
PZE-103044723,SNP706,3,59.96
PZE-103045836,SNP708,3,60.048
SYN879,SNP703,3,60.082
PZE-103049982,SNP716,3,60.373
PZE-103049110,SNP713,3,60.504
PZE-103049653,SNP715,3,60.504
PZE-103049396,SNP714,3,60.535
PZE-103050521,SNP717,3,60.635
PZE-103048150,SNP712,3,60.77
PZE-103050735,SNP718,3,61.22
PZE-103050991,SNP719,3,61.505
PZE-103052208,SNP720,3,62.526
PZE-103073496,SNP770,3,62.781
PZE-103063021,SNP750,3,63.054
SYN23898,SNP756,3,63.054
PZE-103055891,SNP729,3,63.056
PZE-103058437,SNP736,3,63.062
ZM013431-0358,SNP753,3,63.177
PZE-103058987,SNP739,3,63.179
PZE-103053100,SNP724,3,63.182
PZE-103058907,SNP738,3,63.196
PZE-103072415,SNP766,3,63.218
PZE-103068739,SNP741,3,63.22
PZE-103053661,SNP725,3,63.223
PZE-103054857,SNP726,3,63.223
PZE-103055791,SNP728,3,63.223
PZE-103056043,SNP730,3,63.223
PZE-103058521,SNP737,3,63.223
PZE-103069267,SNP740,3,63.223
PZE-103066054,SNP743,3,63.223
PZE-103062735,SNP751,3,63.223
PZE-103062608,SNP752,3,63.223
PZE-103062267,SNP754,3,63.223
PZE-103061286,SNP755,3,63.223
PZE-103069511,SNP761,3,63.223
PZE-103071652,SNP764,3,63.223
PZE-103072237,SNP765,3,63.223
PZE-103072593,SNP767,3,63.223
PZE-103065819,SNP744,3,63.456
PZE-103063892,SNP749,3,63.456
SYN22465,SNP760,3,63.456
PZE-103052677,SNP722,3,63.57
PZE-103056892,SNP733,3,63.57
PZE-103064200,SNP746,3,63.57
PZE-103063976,SNP748,3,63.57
PZE-103052527,SNP721,3,63.608
PZE-103052775,SNP723,3,63.608
PZE-103055224,SNP727,3,63.608
SYN8696,SNP731,3,63.608
PZE-103056294,SNP732,3,63.608
PZE-103057246,SNP734,3,63.608
PZE-103057469,SNP735,3,63.608
PZE-103066234,SNP742,3,63.608
PZE-103064283,SNP745,3,63.608
PZE-103064164,SNP747,3,63.608
PZE-103061015,SNP757,3,63.608
PZE-103060947,SNP758,3,63.608
PZE-103060872,SNP759,3,63.608
PZE-103070020,SNP762,3,63.608
PZE-103070288,SNP763,3,63.608
PZE-103073990,SNP772,3,64.157
PZE-103072900,SNP768,3,64.197
PZE-103073141,SNP769,3,64.197
PZE-103074266,SNP773,3,64.197
PZE-103073631,SNP771,3,64.428
PZE-103074332,SNP774,3,64.428
PZE-103075036,SNP775,3,65.767
PZA03505.1,SNP776,3,65.769
PZE-103075366,SNP777,3,65.769
PZE-103075454,SNP778,3,65.769
PZE-103075612,SNP779,3,65.789
PZE-103076996,SNP780,3,66.549
PZE-103077185,SNP781,3,66.549
PZE-103084595,SNP797,3,66.829
PZE-103081855,SNP789,3,67.164
PZE-103083487,SNP795,3,67.185
PZE-103083718,SNP796,3,67.186
PZE-103079386,SNP785,3,67.191
PUT-163a-16919470-1026,SNP800,3,67.197
PZE-103078186,SNP783,3,67.207
PZE-103077912,SNP782,3,67.25
PZE-103082815,SNP792,3,67.25
PZE-103083243,SNP794,3,67.25
PZE-103080080,SNP787,3,67.283
PZA00363.7,SNP790,3,67.283
PZE-103081521,SNP788,3,67.448
PZE-103079314,SNP784,3,67.45
PZE-103079879,SNP786,3,67.45
PZE-103082105,SNP791,3,67.45
PZE-103082965,SNP793,3,67.478
PZE-103086995,SNP801,3,68.507
ZM012532-0331,SNP799,3,68.711
PZE-103084802,SNP798,3,68.776
PUT-163a-101384606-6,SNP802,3,69.693
PZE-103088123,SNP803,3,69.693
PZE-103088167,SNP804,3,69.693
PZE-103089730,SNP806,3,70.158
PZE-103091926,SNP812,3,70.381
PZE-103090925,SNP810,3,70.387
PZE-103091384,SNP811,3,70.387
PZE-103090602,SNP809,3,70.408
PZE-103090022,SNP808,3,70.777
PZE-103093167,SNP818,3,71.454
PZE-103089927,SNP807,3,72.143
PZE-103092317,SNP813,3,72.171
PZE-103089292,SNP805,3,72.179
PZE-103092415,SNP814,3,72.179
PZE-103092543,SNP815,3,72.179
SYN11281,SNP819,3,73.226
PZE-103092933,SNP817,3,73.541
PZE-103092754,SNP816,3,73.646
PZE-103097064,SNP824,3,74.043
PZE-103097999,SNP826,3,74.634
PZE-103097579,SNP825,3,74.662
PZE-103101309,SNP834,3,74.842
PZE-103100389,SNP832,3,74.937
PZE-103098157,SNP827,3,75.188
PZE-103096878,SNP823,3,75.279
PZE-103096560,SNP822,3,75.462
PZE-103096408,SNP821,3,75.52
PZE-103094595,SNP820,3,75.645
PZE-103099020,SNP830,3,75.927
PZE-103098628,SNP828,3,76.097
PZE-103099066,SNP831,3,76.21
PZE-103100809,SNP833,3,76.405
PZE-103098863,SNP829,3,76.599
PZE-103102730,SNP836,3,77.088
PUT-163a-16925568-1101,SNP839,3,77.088
PZE-103104329,SNP840,3,77.106
PZE-103103922,SNP838,3,77.427
PZE-103104806,SNP841,3,77.587
PZE-103103358,SNP837,3,77.731
PZE-103102416,SNP835,3,78.077
PZE-103107449,SNP843,3,79.3
PZE-103108109,SNP844,3,79.692
PZE-103107305,SNP842,3,79.903
PZE-103109369,SNP846,3,80.653
PZE-103108410,SNP845,3,81.09
PZE-103110355,SNP848,3,81.641
PZE-103110761,SNP849,3,81.957
PZE-103110860,SNP850,3,82.162
PZE-103110278,SNP847,3,82.398
PZE-103111251,SNP851,3,82.71
PZE-103112343,SNP852,3,82.851
PZE-103118006,SNP854,3,87.589
SYN34014,SNP853,3,88.537
PZE-103118170,SNP855,3,88.991
SYN31405,SNP858,3,94.51
SYN39104,SNP856,3,94.832
SYN16735,SNP857,3,95.118
PZE-103123325,SNP859,3,95.993
PZE-103123698,SNP860,3,98.474
PZE-103123992,SNP861,3,99.134
PZE-103125767,SNP862,3,99.94
PZE-103125892,SNP863,3,99.961
PZE-103126112,SNP864,3,101.584
PZE-103128435,SNP867,3,102.63
PZE-103126743,SNP865,3,103.161
SYN1220,SNP866,3,103.702
SYNGENTA3276,SNP868,3,103.702
SYN10652,SNP869,3,103.702
SYN20508,SNP870,3,105.349
SYN19580,SNP875,3,106.029
PZE-103133772,SNP877,3,106.043
SYN10955,SNP871,3,106.051
PZE-103130760,SNP873,3,106.054
SYN30326,SNP872,3,106.073
SYN19579,SNP874,3,106.121
PZE-103134460,SNP879,3,106.261
SYN39062,SNP878,3,106.955
PZE-103132991,SNP876,3,107.05
PZE-103134949,SNP880,3,107.886
PZE-103135808,SNP881,3,108.066
PZE-103136534,SNP882,3,108.466
SYN20640,SNP883,3,108.472
PZE-103137895,SNP884,3,108.477
PZE-103138646,SNP885,3,110.177
PZE-103138981,SNP886,3,111.819
PUT-163a-13490777-226,SNP887,3,112.241
PZE-103140754,SNP888,3,112.73
SYNGENTA14437,SNP896,3,113.191
SYN6514,SNP889,3,113.24
PZE-103141552,SNP890,3,113.24
SYN34731,SNP894,3,113.24
PZE-103141647,SNP891,3,113.292
PZE-103145047,SNP895,3,113.474
PZE-103142436,SNP892,3,113.61
PZE-103142979,SNP893,3,114.15
SYN8110,SNP897,3,114.848
PZE-103147207,SNP898,3,115.464
PZE-103149272,SNP899,3,117.207
PZE-103151399,SNP900,3,118.746
SYN19676,SNP902,3,119.309
PZA02484.1,SNP901,3,119.659
PZE-103154277,SNP903,3,120.713
PZE-103154530,SNP904,3,121.271
PZA00538.12,SNP906,3,124.213
PZE-103155390,SNP905,3,124.244
PZE-103156977,SNP907,3,127.325
SYN8272,SNP908,3,128.651
PZE-103157756,SNP909,3,128.932
PZE-103158636,SNP910,3,129.563
PZE-103161091,SNP911,3,130.7
PZE-103162357,SNP912,3,131.486
PZE-103162582,SNP913,3,131.492
PZE-103162736,SNP914,3,133.829
PZE-103163623,SNP916,3,134.606
PZE-103163529,SNP915,3,134.665
PZE-103165058,SNP917,3,138.178
SYN33389,SNP918,3,140.382
SYN8259,SNP919,3,140.701
SYN29941,SNP920,3,141.352
PZE-103168658,SNP923,3,142.156
SYN1293,SNP922,3,142.537
SYN6704,SNP921,3,142.54
SYN6773,SNP924,3,143.202
SYN4045,SNP925,3,143.832
PZE-103172732,SNP926,3,145.109
PZE-103173723,SNP927,3,145.788
PZE-103173801,SNP928,3,145.788
PZE-103175094,SNP929,3,146.77
PZE-103176167,SNP931,3,147.688
PZE-103175780,SNP930,3,147.958
PZE-103177599,SNP932,3,149.311
PZE-103177734,SNP933,3,149.703
SYN2028,SNP935,3,150.447
PZE-103178127,SNP934,3,150.799
PZE-103180062,SNP936,3,153.728
PZE-103180534,SNP937,3,154.419
PZE-103181306,SNP938,3,155.709
PZE-103181952,SNP939,3,156.332
PZE-103183662,SNP940,3,157.581
PZE-103183938,SNP941,3,157.611
SYN4868,SNP942,3,159.966
PZE-103185632,SNP943,3,161.602
PZE-103187323,SNP945,3,162.142
PZE-103186551,SNP944,3,162.353
PZE-104005468,SNP946,4,0
PZE-104001404,SNP947,4,3.104
SYN9500,SNP948,4,9.158
ZM013591-0465,SNP950,4,11.967
SYN24520,SNP949,4,12.313
SYNGENTA2236,SNP951,4,15.73
PZE-104008143,SNP953,4,16.962
PZE-104010434,SNP955,4,17.499
PZE-104010129,SNP954,4,17.996
PZE-104010950,SNP956,4,18.047
PZE-104011650,SNP957,4,18.99
PZE-104013117,SNP959,4,21.484
PZE-104012412,SNP958,4,21.818
PZE-104013529,SNP960,4,24.067
SYN23313,SNP961,4,26.399
PZE-104014244,SNP962,4,27.658
SYN8515,SNP963,4,28.649
PZE-104014984,SNP964,4,29.669
PZE-104016598,SNP965,4,31.622
SYN29774,SNP966,4,33.179
PZE-104018637,SNP968,4,37.742
PZE-104019125,SNP971,4,38.314
PZE-104018997,SNP969,4,38.527
SYN1483,SNP970,4,38.564
PZE-104020181,SNP975,4,39.098
PZE-104019928,SNP974,4,39.691
PZE-104019423,SNP973,4,40.381
PZE-104021281,SNP976,4,43.513
PZE-104021346,SNP977,4,44.037
PZE-104021926,SNP978,4,44.44
PZE-104022829,SNP979,4,44.645
PZE-104023120,SNP980,4,46.656
SYN23035,SNP986,4,47.496
PZE-104024889,SNP983,4,47.781
PZE-104024382,SNP982,4,48.118
PZE-104025013,SNP984,4,48.132
PZE-104023818,SNP981,4,48.338
PZE-104027058,SNP987,4,49.78
SYN23402,SNP998,4,50.673
PZE-104029384,SNP991,4,50.678
PZE-104031695,SNP999,4,50.713
PZE-104030088,SNP993,4,50.727
SYN11082,SNP997,4,51.054
PZE-104029115,SNP989,4,51.15
PZE-104030600,SNP994,4,51.21
PZE-104029735,SNP992,4,51.247
PZE-104029141,SNP990,4,51.3
SYN8190,SNP1004,4,51.601
PZE-104039515,SNP1010,4,51.789
PZE-104039411,SNP1009,4,51.875
PZE-104032664,SNP1001,4,51.88
PZE-104040670,SNP1013,4,51.887
PZE-104035252,SNP1007,4,52.009
PZE-104033489,SNP1002,4,52.014
PZE-104036092,SNP1008,4,52.026
PZE-104033608,SNP1003,4,52.226
PZE-104034459,SNP1005,4,52.286
PZE-104032225,SNP1000,4,52.469
PUT-163a-148941238-439,SNP1011,4,52.477
PZE-104044661,SNP1020,4,52.831
PZE-104043577,SNP1017,4,52.936
PZE-104043232,SNP1016,4,53.214
PZE-104045559,SNP1023,4,53.226
PZE-104044892,SNP1021,4,53.228
PZE-104043925,SNP1018,4,53.457
PZE-104045752,SNP1024,4,53.564
PZE-104046073,SNP1026,4,53.747
PZE-104046358,SNP1027,4,54.502
PZE-104046622,SNP1028,4,55.381
PZE-104047850,SNP1033,4,56.096
PZE-104048257,SNP1035,4,56.204
PZE-104047575,SNP1032,4,56.219
PZE-104047229,SNP1031,4,56.405
PZE-104050238,SNP1042,4,56.579
SYN16583,SNP1034,4,56.581
PZE-104052618,SNP1046,4,56.777
PZE-104049039,SNP1036,4,56.894
SYN2286,SNP1029,4,56.957
PZE-104049598,SNP1038,4,56.988
PZE-104049727,SNP1039,4,56.989
PZE-104070843,SNP1070,4,57.476
PZE-104062240,SNP1052,4,57.479
PZE-104062035,SNP1051,4,57.525
PZE-104067071,SNP1068,4,57.611
PZE-104061513,SNP1049,4,57.627
PZE-104061154,SNP1048,4,57.63
PZE-104065136,SNP1063,4,57.636
PZE-104061539,SNP1050,4,57.638
SYN26789,SNP1054,4,57.803
PZE-104072055,SNP1074,4,57.948
PZE-104064457,SNP1057,4,58.296
PZE-104062792,SNP1056,4,58.299
PZE-104062735,SNP1055,4,58.308
PZE-104065798,SNP1065,4,58.496
PZE-104065637,SNP1064,4,58.505
PZE-104072142,SNP1075,4,58.859
PZE-104071710,SNP1073,4,59.035
PZE-104071269,SNP1071,4,59.464
PZE-104071503,SNP1072,4,59.883
PZE-104073980,SNP1077,4,60.371
PZE-104073569,SNP1076,4,60.769
SYN9248,SNP1078,4,61.176
PZE-104074915,SNP1079,4,61.889
PZE-104076726,SNP1087,4,62.135
PZE-104075193,SNP1081,4,62.752
PZE-104075033,SNP1080,4,62.767
PZE-104075457,SNP1082,4,63.051
PZE-104075576,SNP1084,4,63.143
PZE-104075482,SNP1083,4,63.324
PZE-104078327,SNP1088,4,63.656
PZE-104078542,SNP1089,4,64.112
PZE-104078833,SNP1090,4,64.676
PZE-104079202,SNP1092,4,65.792
PZE-104079076,SNP1091,4,66.6
PZE-104081258,SNP1093,4,68.07
PZE-104081806,SNP1094,4,68.439
PZE-104083441,SNP1095,4,70.305
SYN5596,SNP1102,4,70.362
PZE-104084001,SNP1097,4,71.297
PUT-163a-31558543-1963,SNP1099,4,71.511
ZM013700-0405,SNP1098,4,71.52
PZE-104083719,SNP1096,4,71.552
PZE-104086845,SNP1103,4,72.503
PZE-104087964,SNP1106,4,73.101
PZE-104087413,SNP1105,4,73.807
PZE-104089440,SNP1108,4,74.108
PZE-104088728,SNP1107,4,74.438
PZE-104089578,SNP1109,4,74.724
PZE-104090782,SNP1111,4,76.575
SYN2256,SNP1114,4,78.013
PZE-104093038,SNP1113,4,78.035
PZE-104093644,SNP1115,4,78.197
PZE-104093796,SNP1117,4,78.307
PZE-104092499,SNP1112,4,78.337
PZE-104093739,SNP1116,4,78.814
SYN1914,SNP1119,4,79.944
PZE-104094576,SNP1120,4,80.748
PZE-104095248,SNP1121,4,86.174
PZE-104095695,SNP1122,4,90.146
PZE-104096011,SNP1123,4,91.167
PZE-104096954,SNP1124,4,91.587
PZE-104097755,SNP1125,4,92.148
PZE-104098756,SNP1126,4,98.935
PZE-104099126,SNP1128,4,100.488
PZE-104099080,SNP1127,4,100.979
PZE-104099837,SNP1130,4,101.613
SYN2318,SNP1131,4,101.707
PZE-104101292,SNP1132,4,104.117
PZE-104101682,SNP1134,4,104.305
PZE-104101406,SNP1133,4,105.478
PZE-104103734,SNP1135,4,107.241
PZE-104105589,SNP1138,4,109.877
SYN2308,SNP1136,4,110.284
PZA02194.1,SNP1137,4,110.429
PZE-104106066,SNP1140,4,112.111
PZE-104106033,SNP1139,4,112.145
PZE-104106634,SNP1143,4,112.823
PZE-104106199,SNP1141,4,112.826
PZE-104106315,SNP1142,4,112.853
PZE-104108388,SNP1147,4,113.702
PZE-104107791,SNP1146,4,113.872
PZE-104110809,SNP1148,4,116.844
PZE-104112413,SNP1149,4,117.37
PZE-104113269,SNP1150,4,119.444
PZE-104114286,SNP1151,4,119.837
SYN14887,SNP1153,4,121.411
SYN14366,SNP1152,4,121.492
PZE-104116155,SNP1154,4,122.007
PZE-104116527,SNP1155,4,122.324
PZE-104117063,SNP1156,4,123.107
PZE-104117394,SNP1158,4,123.837
PZE-104117537,SNP1160,4,123.877
PZE-104117452,SNP1159,4,123.893
SYN12729,SNP1161,4,124.725
PZE-104121259,SNP1165,4,125.32
PZE-104122099,SNP1166,4,125.595
PZE-104122141,SNP1167,4,125.608
SYN21287,SNP1163,4,125.891
SYN7198,SNP1162,4,126.682
PZE-104118892,SNP1164,4,126.792
PZE-104123484,SNP1169,4,127.554
PZE-104123974,SNP1171,4,127.562
PZE-104123291,SNP1168,4,127.747
PZE-104130780,SNP1183,4,127.912
PZE-104123793,SNP1170,4,128.878
PZE-104125540,SNP1174,4,129.025
PZE-104124617,SNP1173,4,129.342
PZE-104126211,SNP1176,4,129.35
PZE-104126891,SNP1178,4,129.427
PZE-104131650,SNP1186,4,131.295
SYN1998,SNP1184,4,131.636
SYN25713,SNP1185,4,131.766
PZE-104132140,SNP1187,4,132.283
PZE-104134113,SNP1189,4,134.179
PZE-104135876,SNP1193,4,134.525
PZE-104135812,SNP1192,4,134.531
PZE-104134433,SNP1190,4,134.593
SYN37884,SNP1191,4,134.617
PZE-104136599,SNP1194,4,134.646
SYN37141,SNP1195,4,135.745
PZE-104137721,SNP1197,4,136.161
PZE-104137686,SNP1196,4,136.593
SYN18852,SNP1198,4,137.405
PZE-104140188,SNP1202,4,138.114
PZE-104139705,SNP1200,4,138.454
PZE-104139569,SNP1199,4,138.503
PZE-104141590,SNP1203,4,139.137
PZE-104139891,SNP1201,4,139.799
PZE-104142109,SNP1204,4,140.914
PUT-163a-78113253-4315,SNP1205,4,141.965
SYN923,SNP1206,4,147.905
SYN13870,SNP1207,4,149.074
PZE-104148574,SNP1208,4,149.78
SYN24017,SNP1209,4,151.302
PZE-104150232,SNP1210,4,153.692
PZE-104150420,SNP1211,4,154.544
PZE-104151391,SNP1213,4,156.176
PZE-104152652,SNP1214,4,156.326
PUT-163a-31406136-1932,SNP1212,4,156.369
PZE-104154748,SNP1215,4,164.679
PZE-104155312,SNP1216,4,169.776
PZE-104156892,SNP1217,4,176.935
PZE-104157368,SNP1218,4,179.893
PZE-104157519,SNP1219,4,181.517
PZE-104158105,SNP1220,4,183.169
PZE-105001477,SNP1223,5,0
SYN2371,SNP1224,5,0.929
SYN12354,SNP1222,5,2.566
PZE-105000171,SNP1221,5,2.597
SYN35353,SNP1225,5,3.721
SYN33737,SNP1226,5,4.246
SYN538,SNP1227,5,7.06
SYN22665,SNP1228,5,7.981
SYN31748,SNP1229,5,8.225
SYN36770,SNP1230,5,9.419
SYN526,SNP1231,5,11.31
PZE-105012420,SNP1232,5,14.601
PZE-105014611,SNP1233,5,18.175
PZE-105018859,SNP1235,5,27.679
PZE-105018422,SNP1234,5,27.83
PZE-105021883,SNP1236,5,30.118
SYN6674,SNP1237,5,31.106
PZE-105023608,SNP1238,5,34.714
PZE-105024349,SNP1239,5,37.6
PZE-105024535,SNP1240,5,38.272
SYN19685,SNP1242,5,39.228
PZE-105028038,SNP1243,5,41.592
PZE-105029274,SNP1244,5,43.743
PZE-105029444,SNP1245,5,44.043
PUT-163a-60350211-2639,SNP1246,5,45.595
PUT-163a-60348955-2602,SNP1248,5,45.748
PZE-105031680,SNP1247,5,46.272
PUT-163a-93283750-4847,SNP1249,5,46.733
PZE-105036809,SNP1250,5,48.613
PZE-105038252,SNP1253,5,48.873
SYN12605,SNP1251,5,49.118
PZE-105037660,SNP1252,5,49.346
PZE-105041432,SNP1265,5,49.663
PZE-105040002,SNP1259,5,49.756
SYN11993,SNP1255,5,49.766
PZE-105041346,SNP1264,5,49.779
PZE-105038569,SNP1254,5,49.861
PZE-105039664,SNP1258,5,50.081
PZE-105041186,SNP1263,5,50.227
PZE-105040178,SNP1260,5,50.232
PZE-105039490,SNP1257,5,50.333
PZE-105047074,SNP1277,5,50.892
PZE-105048040,SNP1280,5,51.03
PZE-105046942,SNP1276,5,51.046
PZE-105043202,SNP1268,5,51.069
PZE-105047654,SNP1278,5,51.07
PZE-105042765,SNP1267,5,51.271
PZE-105048769,SNP1285,5,51.296
PZE-105040292,SNP1261,5,51.507
PZE-105051581,SNP1294,5,51.682
SYN14867,SNP1292,5,51.804
PZE-105039330,SNP1256,5,52.204
PZE-105042386,SNP1266,5,52.386
PZE-105043361,SNP1269,5,52.605
PZE-105048213,SNP1281,5,52.721
SYN1681,SNP1270,5,52.731
PZE-105048850,SNP1286,5,52.998
PZE-105049117,SNP1288,5,53.015
PZE-105047974,SNP1279,5,53.035
PZE-105049158,SNP1289,5,53.036
PZE-105043948,SNP1271,5,53.037
PZE-105045457,SNP1273,5,53.042
PZE-105045950,SNP1274,5,53.052
PZE-105050369,SNP1293,5,53.798
PZE-105051986,SNP1296,5,54.499
PZE-105054177,SNP1300,5,55.025
PZE-105055503,SNP1303,5,55.036
PZE-105052666,SNP1297,5,55.041
SYN13545,SNP1295,5,55.165
SYN1585,SNP1299,5,55.31
PZE-105055354,SNP1302,5,55.314
PZE-105055000,SNP1301,5,55.321
PZE-105057111,SNP1305,5,55.321
PZE-105052776,SNP1298,5,55.332
PZE-105059330,SNP1307,5,55.977
PZE-105061373,SNP1310,5,56.615
PZA02676.2,SNP1311,5,56.867
PZE-105060615,SNP1309,5,56.875
SYN34506,SNP1308,5,56.935
PZE-105062126,SNP1312,5,58.232
PZE-105062875,SNP1313,5,58.822
PZE-105064896,SNP1314,5,59.242
PZE-105065040,SNP1315,5,59.895
PZE-105067520,SNP1321,5,60.448
PZE-105066987,SNP1320,5,60.463
PZE-105065396,SNP1316,5,60.867
PZE-105066407,SNP1319,5,60.873
PZE-105069316,SNP1324,5,61.387
PZE-105068880,SNP1322,5,61.619
PZE-105074740,SNP1332,5,62.744
PZE-105071894,SNP1327,5,63.095
PZE-105073225,SNP1329,5,63.099
SYN35217,SNP1328,5,63.102
PZE-105071175,SNP1326,5,63.111
PZE-105070789,SNP1325,5,63.439
PZE-105074226,SNP1331,5,63.686
PZE-105074181,SNP1330,5,63.991
PZE-105079012,SNP1339,5,64.357
PZE-105077018,SNP1334,5,64.39
PZE-105078645,SNP1338,5,64.422
PZE-105078444,SNP1337,5,64.842
PZE-105079073,SNP1340,5,64.862
PZE-105078090,SNP1335,5,64.895
PZE-105076576,SNP1333,5,64.909
PZE-105081158,SNP1343,5,65.334
PZE-105080825,SNP1342,5,65.35
SYN8752,SNP1345,5,65.351
PZE-105081490,SNP1344,5,65.786
PZE-105087106,SNP1348,5,65.788
PZE-105090424,SNP1352,5,65.822
PZE-105090714,SNP1354,5,65.828
PZE-105091717,SNP1357,5,65.833
PZE-105091500,SNP1355,5,65.97
PZE-105091620,SNP1356,5,66.105
PZE-105093501,SNP1365,5,66.498
PZE-105094593,SNP1369,5,66.502
SYN32229,SNP1366,5,66.508
PZE-105095399,SNP1371,5,66.655
PZE-105094031,SNP1367,5,66.669
PZE-105095889,SNP1372,5,67.141
PZE-105094949,SNP1370,5,67.288
PZE-105096182,SNP1374,5,67.293
PZE-105099516,SNP1380,5,67.548
PZE-105096854,SNP1376,5,67.758
PZE-105100706,SNP1386,5,67.786
PZE-105100040,SNP1382,5,67.828
PZE-105100269,SNP1383,5,68.139
SYN12612,SNP1377,5,68.204
PZE-105098518,SNP1378,5,68.21
PZE-105100352,SNP1384,5,68.211
PZE-105100474,SNP1385,5,68.237
PZE-105099366,SNP1379,5,68.694
PZE-105100991,SNP1387,5,68.996
SYN28929,SNP1388,5,69.586
PZE-105101928,SNP1389,5,70.164
PZE-105103204,SNP1393,5,70.164
PZE-105102176,SNP1390,5,70.179
PZE-105102442,SNP1391,5,70.742
SYN814,SNP1392,5,70.752
PZE-105104698,SNP1397,5,70.754
PZE-105103296,SNP1394,5,70.76
PZE-105103397,SNP1395,5,70.782
PZE-105105944,SNP1399,5,71.857
PZE-105105590,SNP1398,5,72.439
PZE-105107801,SNP1400,5,74.241
PZE-105108414,SNP1402,5,74.967
SYN18294,SNP1401,5,74.987
PZE-105109007,SNP1405,5,75.01
PZE-105109577,SNP1407,5,75.082
PZE-105109345,SNP1406,5,75.478
PZE-105108863,SNP1404,5,75.558
PZE-105108744,SNP1403,5,75.569
SYN32107,SNP1412,5,76.015
SYN35495,SNP1408,5,76.043
PZE-105111406,SNP1413,5,76.352
PZE-105110447,SNP1409,5,76.438
PZE-105112596,SNP1416,5,76.81
SYN32709,SNP1415,5,77.05
PZE-105113328,SNP1417,5,78.653
PZE-105114670,SNP1418,5,79.338
PZE-105114875,SNP1420,5,79.343
PZE-105114794,SNP1419,5,79.364
PZE-105116305,SNP1423,5,80.553
PZE-105115759,SNP1422,5,80.905
SYN11021,SNP1424,5,81.224
SYN37191,SNP1425,5,81.596
PZE-105119422,SNP1427,5,82.556
PZE-105119257,SNP1426,5,83.037
SYN37069,SNP1435,5,83.67
PZE-105121226,SNP1428,5,83.851
PZE-105122012,SNP1433,5,84.316
PZE-105121864,SNP1431,5,84.339
PZE-105123635,SNP1436,5,86.142
PZE-105127667,SNP1441,5,86.873
PZE-105126109,SNP1439,5,86.89
PZE-105126493,SNP1440,5,86.974
SYN1148,SNP1438,5,87.586
PZE-105128434,SNP1442,5,87.891
PZE-105129384,SNP1444,5,88.394
PZE-105130746,SNP1446,5,88.529
PZE-105129024,SNP1443,5,89.258
PZE-105130870,SNP1447,5,89.458
PZE-105130621,SNP1445,5,89.591
SYN36511,SNP1451,5,90.595
PZE-105133279,SNP1450,5,90.6
SYN14522,SNP1452,5,90.937
PZE-105134501,SNP1453,5,91.059
PZE-105136417,SNP1457,5,91.349
SYN35856,SNP1448,5,91.859
PZE-105132778,SNP1449,5,92.163
PZE-105134991,SNP1454,5,92.662
SYN30406,SNP1455,5,92.871
PZE-105136175,SNP1456,5,93.708
SYN31647,SNP1458,5,94.432
SYN32728,SNP1461,5,95.451
SYN26067,SNP1460,5,95.79
PZE-105137712,SNP1459,5,96.094
PZE-105141007,SNP1462,5,96.986
PZE-105142711,SNP1464,5,98.041
PZE-105142633,SNP1463,5,98.654
PZE-105146603,SNP1465,5,101.033
SYN5688,SNP1467,5,102.017
PZE-105147561,SNP1466,5,102.626
PZE-105150391,SNP1468,5,105.299
PZE-105152296,SNP1469,5,106.603
SYN24775,SNP1470,5,106.726
SYN21719,SNP1471,5,107.958
SYN1878,SNP1473,5,109.297
SYN32227,SNP1472,5,109.592
PZE-105155494,SNP1474,5,114.927
PZE-105158503,SNP1476,5,118.316
PZE-105157658,SNP1475,5,119.751
PZE-105158804,SNP1477,5,120.676
PZE-105160757,SNP1478,5,126.052
PZE-105163590,SNP1479,5,132.096
PZE-105165053,SNP1480,5,135.055
PZE-105166634,SNP1481,5,138.437
PZE-105166980,SNP1482,5,138.975
SYN9389,SNP1483,5,140.748
SYN18054,SNP1484,5,144.469
PUT-163a-148962814-585,SNP1486,5,145.221
SYN38866,SNP1485,5,145.452
ZM013424-0538,SNP1487,5,147.654
SYN25261,SNP1488,5,148.223
SYN31147,SNP1489,5,150.095
SYN31305,SNP1490,5,152.171
SYN33307,SNP1491,5,156.293
PZE-105181205,SNP1492,5,157.739
PZE-105182641,SNP1495,5,160.302
PZE-105182482,SNP1494,5,160.381
SYN3697,SNP1493,5,161.889
PZE-106131169,SNP1677,6,0
PZE-106129292,SNP1674,6,0.767
PZE-106130035,SNP1678,6,2.778
SYN24802,SNP1675,6,4.492
SYN11442,SNP1676,6,4.494
SYN7863,SNP1673,6,4.749
PZE-106123501,SNP1672,6,11.806
SYN32558,SNP1671,6,17.581
PZE-106116788,SNP1670,6,21.928
PZE-106115356,SNP1669,6,23.405
PZE-106115190,SNP1668,6,23.606
PZE-106115028,SNP1667,6,24.482
SYN23743,SNP1666,6,26
ZM011303-0272,SNP1665,6,26.468
SYN8249,SNP1664,6,27.292
SYN26189,SNP1663,6,36.544
SYN4181,SNP1662,6,39.007
SYN4003,SNP1661,6,41.667
SYN28693,SNP1660,6,45.175
PZE-106105801,SNP1659,6,45.315
PZE-106098286,SNP1658,6,51.418
SYN22585,SNP1656,6,54.026
SYN37999,SNP1657,6,54.026
PZE-106096901,SNP1655,6,56.264
SYN25278,SNP1654,6,60.287
PZE-106090688,SNP1653,6,63.283
SYN27107,SNP1652,6,64.389
PZE-106088981,SNP1650,6,65.093
PZE-106089195,SNP1651,6,65.226
PZE-106085210,SNP1646,6,65.826
PZE-106086811,SNP1648,6,65.826
PZE-106087627,SNP1649,6,65.906
PZE-106085612,SNP1647,6,65.944
PZE-106084730,SNP1645,6,66.222
PZE-106084436,SNP1644,6,66.797
SYN27740,SNP1642,6,68.693
PZE-106083873,SNP1643,6,68.972
PZE-106082400,SNP1641,6,72.023
PZE-106079848,SNP1638,6,74.76
PZE-106080641,SNP1639,6,74.76
PZE-106079330,SNP1637,6,74.853
PZE-106080884,SNP1640,6,74.853
PZE-106078845,SNP1636,6,75.464
PZE-106078534,SNP1635,6,77.451
PZE-106076654,SNP1634,6,86.436
PZE-106076346,SNP1633,6,87.279
PZE-106076215,SNP1632,6,88.369
PZE-106076171,SNP1631,6,89.071
SYN24366,SNP1629,6,89.972
PZE-106073148,SNP1628,6,89.997
PZA-001618002,SNP1630,6,90.252
PZE-106072416,SNP1626,6,90.762
PZE-106072883,SNP1627,6,91.048
PZE-106070979,SNP1624,6,92.516
PZE-106070907,SNP1623,6,92.545
SYN33779,SNP1625,6,92.818
SYN7543,SNP1622,6,93.315
SYN38352,SNP1620,6,93.613
PZE-106070038,SNP1621,6,93.613
PZE-106067368,SNP1619,6,94.296
PZE-106066805,SNP1618,6,94.731
PZE-106065034,SNP1616,6,96.213
SYN34928,SNP1617,6,96.778
SYN19574,SNP1615,6,96.822
PZA00182.4,SNP1611,6,98.52
SYN6719,SNP1614,6,98.52
PZE-106062990,SNP1612,6,98.792
PZE-106063074,SNP1613,6,98.801
SYN30628,SNP1610,6,99.628
PZE-106057733,SNP1609,6,102.602
SYN24768,SNP1607,6,104.769
PZE-106059328,SNP1606,6,106.132
PZE-106058363,SNP1605,6,106.864
PZE-106058148,SNP1604,6,107.11
PZE-106056703,SNP1608,6,112.031
PZE-106055781,SNP1603,6,112.259
SYN27069,SNP1600,6,112.895
PZE-106053643,SNP1599,6,113.296
PZE-106054500,SNP1601,6,113.296
PZE-106055176,SNP1602,6,113.296
PZE-106052904,SNP1598,6,115.261
PZE-106051938,SNP1597,6,117.208
PZE-106050202,SNP1594,6,118.73
PZE-106049962,SNP1593,6,118.89
PZE-106050790,SNP1595,6,118.89
PZE-106051387,SNP1596,6,118.89
PZE-106049203,SNP1592,6,119.678
PZE-106047663,SNP1591,6,120.856
PZE-106046688,SNP1589,6,123.035
PZE-106046102,SNP1588,6,123.098
PZE-106047147,SNP1590,6,123.098
PZE-106045480,SNP1587,6,128.276
PZE-106042592,SNP1585,6,130.37
PZE-106042346,SNP1584,6,130.389
PZE-106042213,SNP1583,6,130.459
PZE-106042786,SNP1586,6,130.459
PZE-106040975,SNP1581,6,131.446
PZE-106041850,SNP1582,6,131.467
PZE-106040697,SNP1580,6,134.443
PZE-106039362,SNP1579,6,137.261
PZE-106038471,SNP1576,6,137.404
SYN12838,SNP1577,6,137.404
PZE-106039072,SNP1578,6,137.419
PZE-106037900,SNP1575,6,138.381
PZE-106034829,SNP1568,6,140.285
PZE-106034609,SNP1566,6,140.309
PZE-106033950,SNP1562,6,140.324
PZE-106034024,SNP1563,6,140.324
PZE-106035034,SNP1569,6,140.324
PZE-106035454,SNP1571,6,140.324
PZE-106036055,SNP1572,6,140.324
PZE-106033911,SNP1561,6,140.335
PZE-106034213,SNP1564,6,140.335
PZE-106034372,SNP1565,6,140.335
PZE-106034718,SNP1567,6,140.335
PZE-106035361,SNP1570,6,140.335
PZE-106036880,SNP1574,6,140.335
PZE-106036132,SNP1573,6,140.72
PZE-106031257,SNP1556,6,141.289
PZE-106032757,SNP1558,6,141.289
PZE-106032980,SNP1559,6,141.289
PZE-106031323,SNP1557,6,141.299
PZE-106033097,SNP1560,6,141.299
PZE-106030562,SNP1555,6,142.249
SYN34347,SNP1554,6,142.584
PZE-106028114,SNP1552,6,143.096
PZE-106027922,SNP1551,6,143.373
PZE-106028615,SNP1553,6,143.377
PZE-106018753,SNP1534,6,143.75
PZE-106022766,SNP1538,6,143.753
PZE-106022387,SNP1537,6,143.758
PZE-106018100,SNP1532,6,144.008
PZE-106025049,SNP1543,6,144.301
PZE-106026117,SNP1546,6,144.301
PZE-106018356,SNP1533,6,144.304
PZE-106019328,SNP1535,6,144.304
PZE-106024131,SNP1541,6,144.304
PZE-106024717,SNP1542,6,144.304
PZE-106025164,SNP1544,6,144.304
SYN22001,SNP1545,6,144.304
PZE-106026622,SNP1547,6,144.304
SYN4545,SNP1550,6,144.304
PZE-106026695,SNP1548,6,144.311
PZE-106019350,SNP1536,6,144.312
SYN10071,SNP1540,6,144.327
PZE-106027063,SNP1549,6,144.33
SYN26885,SNP1539,6,145.074
PZE-106016936,SNP1531,6,145.452
PZE-106015444,SNP1528,6,146.242
PZE-106015303,SNP1527,6,146.244
PZE-106016403,SNP1530,6,146.244
PZE-106016350,SNP1529,6,146.313
PUT-163a-18163247-1246,SNP1526,6,147.251
PZE-106011202,SNP1522,6,148.205
PZE-106011504,SNP1523,6,148.205
PZE-106012204,SNP1524,6,148.205
PZE-106013427,SNP1525,6,149.079
PZE-106008956,SNP1520,6,150.302
PZE-106010241,SNP1521,6,150.543
PZE-106021410,SNP1515,6,152.179
SYN21966,SNP1518,6,152.179
PZE-106007419,SNP1516,6,152.236
SYN2862,SNP1519,6,152.26
PZE-106020779,SNP1513,6,153.91
PZE-106007630,SNP1517,6,154.053
PZE-106020716,SNP1512,6,154.063
PZE-106020844,SNP1514,6,154.072
SYN27276,SNP1508,6,159.637
PZE-106005833,SNP1507,6,159.652
PZE-106006485,SNP1510,6,159.652
PZE-106014671,SNP1511,6,159.652
PZE-106006455,SNP1509,6,159.681
PZE-106005121,SNP1506,6,160.429
PZE-106003733,SNP1504,6,160.509
PZE-106004871,SNP1505,6,160.904
SYN21866,SNP1503,6,161.37
SYN30158,SNP1502,6,161.541
SYN20091,SNP1501,6,162.462
PZE-106000911,SNP1500,6,165.548
PZE-106000767,SNP1499,6,165.867
PZE-106000504,SNP1498,6,166.334
PZE-106000325,SNP1497,6,167.338
PZE-106000114,SNP1496,6,167.654
PZE-107137587,SNP1901,7,0
SYN18602,SNP1902,7,0.014
PZE-107135626,SNP1900,7,2.895
PZE-107134212,SNP1898,7,4.255
PZE-107134294,SNP1899,7,4.271
PZE-107132981,SNP1897,7,6.749
PZB00605.3,SNP1896,7,10.643
PZE-107129950,SNP1895,7,10.659
PZE-107128846,SNP1894,7,12.51
PZE-107127143,SNP1893,7,14.625
PZE-107126940,SNP1892,7,15.869
SYN17015,SNP1891,7,16.955
SYN12253,SNP1890,7,23.849
PZE-107123019,SNP1889,7,27.037
SYN20121,SNP1888,7,28.1
PZE-107119249,SNP1886,7,29.548
PZE-107121744,SNP1887,7,29.752
PUT-163a-71420941-3206,SNP1885,7,33.845
PZE-107113353,SNP1884,7,38.778
PZE-107111553,SNP1883,7,41.783
PZE-107111253,SNP1882,7,43.615
PZE-107110443,SNP1881,7,45.602
PZE-107108975,SNP1880,7,46.615
PZE-107108610,SNP1879,7,47.573
PZE-107107154,SNP1877,7,49.498
SYN18575,SNP1878,7,50.24
PZE-107106025,SNP1876,7,51.382
PZE-107104221,SNP1875,7,53.169
PZE-107102089,SNP1874,7,55.423
PZE-107100880,SNP1872,7,56.208
PUT-163a-28576072-1634,SNP1873,7,56.501
PZE-107099852,SNP1870,7,56.561
PZE-107100523,SNP1871,7,56.921
PZE-107095843,SNP1861,7,58.602
PZE-107095905,SNP1862,7,58.77
PZE-107096020,SNP1863,7,58.797
PZE-107098219,SNP1869,7,59.074
PZE-107097215,SNP1865,7,59.291
PZE-107097708,SNP1867,7,59.322
SYN34204,SNP1860,7,59.683
PZE-107098128,SNP1868,7,59.806
PZE-107097554,SNP1866,7,59.926
PZE-107097026,SNP1864,7,60.013
PZE-107093938,SNP1857,7,61.049
SYN9214,SNP1855,7,61.453
SYN14780,SNP1856,7,61.453
PZE-107093042,SNP1854,7,61.636
PUT-163a-60395758-2936,SNP1859,7,62.083
PZE-107094078,SNP1858,7,62.463
PZE-107090555,SNP1853,7,63.23
SYN22616,SNP1852,7,63.689
SYN24395,SNP1851,7,64.547
SYN35907,SNP1850,7,65.78
PZE-107086453,SNP1848,7,68.166
PZE-107086989,SNP1849,7,68.741
PZE-107085663,SNP1847,7,69.064
PZE-107084353,SNP1845,7,70.408
PZE-107084474,SNP1846,7,70.408
PZE-107000687,SNP1681,7,71.335
SYN23679,SNP1679,7,71.407
PZE-107000462,SNP1680,7,71.407
PZE-107083446,SNP1822,7,72.736
PZE-107083628,SNP1844,7,72.736
PZE-107081203,SNP1843,7,74.805
PZE-107002522,SNP1682,7,75.301
PZE-107004509,SNP1684,7,78.077
PZE-107003481,SNP1683,7,78.38
SYN22401,SNP1842,7,80.004
PZE-107005392,SNP1686,7,80.371
PZE-107004741,SNP1685,7,80.409
PZE-107077474,SNP1840,7,81.684
SYN38312,SNP1841,7,81.98
PZE-107005832,SNP1687,7,82.087
PZE-107076218,SNP1836,7,82.982
SYN29954,SNP1837,7,83.103
SYN39161,SNP1838,7,83.168
PZE-107077162,SNP1839,7,83.287
SYN21561,SNP1689,7,84.025
PZE-107074952,SNP1835,7,84.043
SYN28758,SNP1833,7,84.134
SYN37962,SNP1688,7,84.14
PZE-107074700,SNP1834,7,84.445
PZE-107072999,SNP1830,7,84.923
PZE-107073170,SNP1831,7,85.167
PZE-107073339,SNP1832,7,85.204
PUT-163a-89248979-4622,SNP1828,7,85.882
PZE-107072604,SNP1829,7,86.026
PZE-107071396,SNP1827,7,86.699
SYN20419,SNP1690,7,87.172
PZE-107070661,SNP1826,7,88.575
PZE-107069959,SNP1824,7,88.59
SYN20962,SNP1825,7,88.876
SYN13496,SNP1823,7,89.209
PZE-107068449,SNP1821,7,90.783
PZE-107068316,SNP1819,7,91.336
PZB01186.3,SNP1820,7,91.599
PZE-107067651,SNP1818,7,92.331
PZE-107065230,SNP1816,7,92.715
PZE-107066917,SNP1817,7,93.091
PZE-107012564,SNP1692,7,93.915
PZE-107021145,SNP1710,7,96.585
SYN10754,SNP1709,7,96.709
PZE-107021963,SNP1713,7,97.121
PZE-107021428,SNP1711,7,97.286
PZE-107022572,SNP1715,7,97.728
PZE-107022429,SNP1714,7,97.734
PZE-107021654,SNP1712,7,97.877
PZE-107023339,SNP1716,7,98.128
SYN23593,SNP1717,7,98.27
PZE-107025740,SNP1723,7,98.677
PZE-107025858,SNP1724,7,98.713
PZE-107025325,SNP1721,7,98.826
PZE-107026107,SNP1725,7,98.863
PZE-107024302,SNP1719,7,98.871
PZE-107023943,SNP1718,7,99.017
PZE-107060076,SNP1807,7,99.399
SYN8100,SNP1722,7,99.653
PZE-107028398,SNP1731,7,99.745
PZE-107028496,SNP1732,7,99.745
SYN16568,SNP1798,7,100.052
PZE-107059758,SNP1806,7,100.094
SYN10312,SNP1799,7,100.109
PZE-107055483,SNP1795,7,100.147
PZE-107055228,SNP1793,7,100.161
SYN23851,SNP1741,7,100.494
PZE-107027539,SNP1730,7,100.541
PZE-107055097,SNP1791,7,100.646
PZE-107032541,SNP1737,7,100.858
PZE-107035162,SNP1750,7,100.962
PZE-107034752,SNP1748,7,100.974
PZE-107034602,SNP1747,7,101.039
PZE-107035082,SNP1749,7,101.039
SYN16820,SNP1751,7,101.089
PZE-107052459,SNP1788,7,101.297
PZE-107052255,SNP1786,7,101.316
PZE-107039996,SNP1756,7,101.441
PZE-107047166,SNP1776,7,101.599
PZE-107050350,SNP1781,7,101.625
PZE-107042751,SNP1759,7,101.658
SYN25395,SNP1773,7,101.674
PZE-107050432,SNP1783,7,101.674
PZE-107047007,SNP1774,7,101.681
PZE-107047063,SNP1775,7,101.681
SYN25350,SNP1777,7,101.681
PZE-107047349,SNP1778,7,101.681
SYNGENTA5987,SNP1765,7,101.887
PZE-107043861,SNP1766,7,101.887
PZE-107040338,SNP1757,7,101.982
PZE-107038717,SNP1755,7,102.012
SYN9418,SNP1752,7,102.028
PZE-107043131,SNP1762,7,102.181
PZE-107050383,SNP1782,7,102.261
PZE-107050555,SNP1784,7,102.261
PZE-107043177,SNP1763,7,102.265
PZE-107042973,SNP1760,7,102.635
PZE-107042684,SNP1758,7,102.639
PZE-107032930,SNP1739,7,102.926
PZE-107038130,SNP1754,7,103.126
PZE-107048754,SNP1753,7,103.129
PZE-107045786,SNP1772,7,103.24
PZE-107044475,SNP1767,7,103.344
PZE-107045127,SNP1771,7,103.346
PZE-107043656,SNP1764,7,103.39
PZE-107043037,SNP1761,7,103.651
PZE-107044678,SNP1768,7,103.651
PZE-107045025,SNP1769,7,103.651
PZE-107045044,SNP1770,7,103.663
PZE-107047434,SNP1779,7,103.681
PZE-107047525,SNP1780,7,103.773
PZE-107051275,SNP1785,7,103.885
PZE-107031132,SNP1734,7,104.203
PZE-107031337,SNP1735,7,104.203
PZE-107032428,SNP1736,7,104.284
PZE-107033273,SNP1740,7,104.284
PZE-107033504,SNP1743,7,104.284
PZE-107033665,SNP1744,7,104.284
PZE-107033716,SNP1745,7,104.284
PZE-107033764,SNP1746,7,104.284
PZE-107033484,SNP1742,7,104.295
PZE-107032809,SNP1738,7,104.357
PZE-107026995,SNP1727,7,104.573
PZE-107027389,SNP1729,7,104.689
PZE-107027151,SNP1728,7,104.723
PZE-107028569,SNP1733,7,104.723
PZE-107026273,SNP1726,7,104.908
PZE-107024918,SNP1720,7,104.994
PZE-107053846,SNP1789,7,105.46
PZE-107054011,SNP1790,7,105.492
PZE-107052427,SNP1787,7,105.561
PZE-107058547,SNP1804,7,105.986
PZE-107055266,SNP1794,7,106.078
PZE-107055624,SNP1796,7,106.234
PZE-107055764,SNP1797,7,106.257
PZE-107055198,SNP1792,7,106.259
PZE-107058731,SNP1805,7,106.523
PZE-107057870,SNP1802,7,106.531
PZE-107058294,SNP1803,7,106.531
PUT-163a-16926213-1140,SNP1801,7,106.573
SYN15108,SNP1800,7,106.688
PZE-107060506,SNP1811,7,106.935
PZE-107060335,SNP1809,7,106.957
PZE-107060141,SNP1808,7,106.965
PZE-107060446,SNP1810,7,106.997
PZE-107061634,SNP1812,7,107.31
SYN12275,SNP1814,7,107.621
PZE-107062060,SNP1813,7,108.044
PZE-107063654,SNP1815,7,108.38
PZE-107018798,SNP1708,7,111.383
PZE-107017985,SNP1707,7,111.895
PZE-107017571,SNP1706,7,112.555
PZE-107017377,SNP1705,7,112.988
PZE-107017064,SNP1704,7,113.189
PZB01617.2,SNP1703,7,113.825
SYN36048,SNP1698,7,114.59
PZE-107015017,SNP1699,7,114.907
PZE-107015084,SNP1700,7,114.921
SYN13491,SNP1702,7,115.546
PZE-107015740,SNP1701,7,115.649
PUT-163a-50327005-2185,SNP1696,7,115.878
PZE-107014197,SNP1697,7,116.128
PZE-107013546,SNP1695,7,116.476
SYN39338,SNP1694,7,117.078
PZE-107013078,SNP1693,7,117.295
PZE-107011664,SNP1691,7,117.993
PZE-108000369,SNP1904,8,0
PZE-108001699,SNP1905,8,4.923
SYN33566,SNP1906,8,14.176
PZE-108006180,SNP1908,8,25.761
PZA00058.6,SNP1907,8,26.907
SYN14938,SNP1913,8,28.432
PZE-108007029,SNP1910,8,29.296
SYN22840,SNP1912,8,29.708
SYN10430,SNP1909,8,30.252
PZE-108008825,SNP1914,8,31.153
SYN18172,SNP1915,8,33.132
PZE-108010702,SNP1916,8,38.285
SYN18480,SNP1917,8,42.342
PZE-108013234,SNP1919,8,43.509
PZE-108014097,SNP1920,8,50.946
SYN7795,SNP1921,8,50.992
PZE-108015359,SNP1922,8,51.924
PZE-108015531,SNP1923,8,52.038
PZE-108016906,SNP1925,8,55.634
SYN19462,SNP1926,8,58.023
PZE-108019790,SNP1927,8,59.046
SYN10980,SNP1928,8,60.079
PZE-108020640,SNP1929,8,61.664
PZE-108021327,SNP1930,8,63.525
PZE-108021854,SNP1931,8,64.407
SYN11424,SNP1932,8,65.448
SYN3483,SNP1933,8,67.425
PZE-108057978,SNP2014,8,68.622
SYN10192,SNP1934,8,69.648
PZE-108026192,SNP1935,8,69.996
PZE-108030173,SNP1945,8,70.293
PZE-108026715,SNP1937,8,70.493
PZE-108055641,SNP2008,8,70.729
PZE-108053696,SNP2002,8,70.823
PZE-108053358,SNP2000,8,70.981
PZE-108056326,SNP2009,8,71.018
PZE-108032605,SNP1947,8,71.14
PZE-108055493,SNP2007,8,71.222
PZE-108046292,SNP1978,8,71.398
PZE-108047492,SNP1981,8,71.592
PZE-108032827,SNP1949,8,71.599
PZE-108036883,SNP1956,8,71.64
SYN20212,SNP2006,8,72.013
PZE-108053545,SNP2001,8,72.037
PZE-108053270,SNP1999,8,72.251
PZE-108055028,SNP2005,8,72.314
PZE-108039535,SNP1961,8,72.535
PZE-108035435,SNP1950,8,72.538
PZE-108048129,SNP1982,8,72.591
PZE-108050819,SNP1993,8,72.596
PZE-108041322,SNP1966,8,72.768
PZE-108040590,SNP1965,8,72.785
SYN32570,SNP1951,8,72.797
PZE-108036442,SNP1954,8,72.846
PZE-108042868,SNP1970,8,72.853
PZE-108043207,SNP1971,8,72.862
PZE-108045244,SNP1976,8,72.875
PZE-108040081,SNP1962,8,72.885
PZE-108036542,SNP1955,8,72.913
PZE-108027433,SNP1940,8,72.944
PZE-108029538,SNP1943,8,72.944
PZE-108029434,SNP1942,8,72.983
PZE-108027004,SNP1939,8,73.025
PZE-108029262,SNP1938,8,73.034
SYN27067,SNP1977,8,73.223
PZE-108048330,SNP1983,8,73.23
SYN17735,SNP1984,8,73.271
SYN36274,SNP1989,8,73.279
PZE-108044943,SNP1975,8,73.378
PZE-108047302,SNP1980,8,73.438
PZE-108050892,SNP1994,8,73.463
PZE-108056460,SNP2010,8,73.664
PZE-108026433,SNP1936,8,73.712
PZE-108054691,SNP2003,8,73.903
PZE-108040407,SNP1964,8,74.189
SYN17808,SNP1958,8,74.399
PZE-108030133,SNP1944,8,74.521
PZE-108054987,SNP2004,8,74.951
PZE-108056925,SNP2011,8,75.243
PZE-108057885,SNP2013,8,75.623
PZE-108057325,SNP2012,8,76.073
PZE-108059579,SNP2017,8,76.588
PUT-163a-76018051-3796,SNP2018,8,77.551
PZE-108058222,SNP2016,8,78.5
PZE-108060935,SNP2019,8,80.184
PZE-108062677,SNP2021,8,82.426
PZE-108063385,SNP2023,8,83.112
PZE-108063633,SNP2024,8,83.503
PZE-108064736,SNP2030,8,83.759
PZE-108064649,SNP2029,8,83.773
PZE-108064845,SNP2031,8,83.783
PZE-108063992,SNP2026,8,84.17
PZE-108063246,SNP2022,8,84.43
PZE-108064150,SNP2027,8,84.681
PZE-108064353,SNP2028,8,84.84
PZE-108063845,SNP2025,8,85.383
PZE-108062259,SNP2020,8,85.716
PZE-108065989,SNP2033,8,86.546
PZE-108065218,SNP2032,8,87.565
PZE-108067903,SNP2034,8,90.885
SYN12976,SNP2035,8,90.965
PZE-108069502,SNP2037,8,92.183
PZE-108069355,SNP2036,8,92.433
PZE-108069579,SNP2038,8,92.579
SYN31886,SNP2039,8,92.885
SYN11935,SNP2042,8,93.016
PZE-108069897,SNP2040,8,93.232
PZE-108070826,SNP2043,8,93.515
PZE-108070151,SNP2041,8,93.522
SYN15433,SNP2045,8,94.822
PZE-108072485,SNP2046,8,95.296
PZE-108073899,SNP2049,8,96.759
PZE-108077037,SNP2051,8,98.378
SYN2785,SNP2050,8,98.413
PZE-108077916,SNP2052,8,98.42
PZE-108078317,SNP2053,8,99.167
PZE-108080842,SNP2057,8,99.414
PZE-108079027,SNP2054,8,99.678
SYN7980,SNP2059,8,100.524
PZE-108082808,SNP2061,8,101.034
SYN23199,SNP2062,8,101.456
PZE-108081656,SNP2058,8,101.988
SYN13492,SNP2060,8,102.458
PZE-108083697,SNP2063,8,103.348
PZE-108086642,SNP2065,8,103.944
PZE-108087001,SNP2067,8,105.018
PZE-108086867,SNP2066,8,105.342
PZE-108086184,SNP2064,8,105.516
PZE-108089807,SNP2068,8,106.452
PZE-108091439,SNP2069,8,107.275
PZE-108091593,SNP2070,8,107.551
PZE-108093386,SNP2072,8,107.875
PZE-108098384,SNP2081,8,108.267
PZE-108098977,SNP2082,8,108.34
PZE-108094138,SNP2073,8,108.661
PZE-108096609,SNP2077,8,108.927
PZE-108097802,SNP2079,8,109.58
PZE-108097646,SNP2078,8,109.805
PZE-108094801,SNP2074,8,110.156
PZE-108095339,SNP2076,8,110.467
PZE-108095145,SNP2075,8,110.553
PZE-108093081,SNP2071,8,110.887
PZE-108100090,SNP2083,8,111.72
PZE-108101478,SNP2084,8,114.501
PUT-163a-110507767-91,SNP2086,8,115.411
PZE-108103951,SNP2089,8,116.031
PZE-108103023,SNP2087,8,116.192
PZE-108103185,SNP2088,8,116.392
PZE-108101966,SNP2085,8,116.696
PZE-108105699,SNP2090,8,117.457
PZE-108107270,SNP2092,8,120.8
PZE-108106789,SNP2091,8,121.396
PZE-108110343,SNP2093,8,129.369
PZE-108113165,SNP2094,8,133.686
SYN30185,SNP2095,8,134.091
SYN23809,SNP2096,8,135.883
SYN12100,SNP2098,8,141.823
PZE-108116466,SNP2097,8,142.454
PZE-108117321,SNP2099,8,143.324
SYN22267,SNP2100,8,144.852
SYN6419,SNP2101,8,145.884
PZE-108120295,SNP2102,8,152.063
PZE-108127330,SNP2104,8,159.592
PUT-163a-86469720-4499,SNP2103,8,161.404
SYN4926,SNP2106,8,170.859
PZE-108131479,SNP2105,8,171.329
PZE-108133033,SNP2107,8,175.144
PZE-108135302,SNP2108,8,180.885
PZE-109000143,SNP2111,9,0
PZE-109001536,SNP2112,9,0.665
PZE-109000269,SNP2110,9,1.347
PZE-109002649,SNP2114,9,2.772
SYN24557,SNP2113,9,3.232
PZE-109004775,SNP2116,9,5.059
PZE-109004430,SNP2115,9,5.272
PZE-109004946,SNP2117,9,5.561
PZE-109005303,SNP2118,9,5.806
PZE-109006546,SNP2119,9,7.179
PZE-109007179,SNP2120,9,7.538
PZE-109007822,SNP2121,9,8.216
PHM11946.19,SNP2122,9,9.17
PZE-109009763,SNP2123,9,11.786
PZE-109009942,SNP2124,9,12.186
SYN33212,SNP2125,9,12.731
PZE-109012708,SNP2126,9,20.606
PZE-109013674,SNP2128,9,21.783
PZE-109013421,SNP2127,9,23.32
PZE-109015136,SNP2129,9,26.997
PZE-109015923,SNP2130,9,28.994
PZE-109016384,SNP2131,9,31.061
PZE-109017468,SNP2132,9,33.99
PHM9374.5,SNP2133,9,34.586
PZE-109018222,SNP2134,9,35.354
PZE-109019364,SNP2135,9,39.03
PZE-109019490,SNP2136,9,39.031
PZE-109019784,SNP2137,9,40.038
PZE-109020361,SNP2138,9,42.028
PZE-109021565,SNP2139,9,47.028
SYN34182,SNP2140,9,51.128
PZE-109025969,SNP2142,9,52.105
PZA02648.2,SNP2141,9,53.181
PZE-109026651,SNP2143,9,54.516
PZE-109026940,SNP2144,9,55.896
PZE-109027307,SNP2145,9,56.823
PZE-109028453,SNP2149,9,57.392
PZE-109027564,SNP2146,9,58.119
PZE-109028223,SNP2148,9,58.282
SYN13041,SNP2147,9,58.529
PZE-109029279,SNP2152,9,59.001
PZE-109029074,SNP2151,9,59.002
PZE-109029331,SNP2153,9,59.036
PZE-109030440,SNP2157,9,59.642
PZE-109029842,SNP2155,9,59.651
PUT-163a-89249343-4633,SNP2150,9,59.665
PZE-109031375,SNP2159,9,60.479
PZE-109030569,SNP2158,9,60.671
PZE-109040958,SNP2182,9,61.326
PZE-109035952,SNP2163,9,61.37
PZE-109038717,SNP2172,9,61.382
PZE-109036456,SNP2165,9,61.39
PZE-109051241,SNP2196,9,61.394
PZE-109036560,SNP2166,9,61.401
PZE-109035823,SNP2162,9,61.445
SYN35885,SNP2154,9,62.104
SYN32340,SNP2198,9,62.922
PZE-109052817,SNP2199,9,62.925
PZE-109052973,SNP2200,9,62.93
PZE-109055660,SNP2197,9,63.161
PZE-109054975,SNP2203,9,63.169
PZE-109041631,SNP2185,9,63.881
PZE-109041425,SNP2183,9,63.904
PZE-109031770,SNP2160,9,63.972
PZE-109045665,SNP2190,9,64.03
PZE-109038427,SNP2170,9,64.057
PZE-109035370,SNP2161,9,64.106
PZE-109037993,SNP2169,9,64.122
PZE-109054205,SNP2201,9,64.963
SYN31392,SNP2204,9,65.922
PZE-109057687,SNP2205,9,67.601
PZE-109058177,SNP2207,9,68.961
PZE-109059086,SNP2210,9,69.218
PZE-109061922,SNP2213,9,69.658
PZE-109061750,SNP2212,9,69.681
PZE-109059993,SNP2211,9,69.701
PZE-109058058,SNP2206,9,70.669
SYN32233,SNP2209,9,70.75
PZE-109063134,SNP2217,9,71.164
PZE-109068128,SNP2221,9,76.747
PZE-109069185,SNP2222,9,77.342
PZE-109066741,SNP2220,9,77.42
SYN5116,SNP2224,9,78.014
PZE-109069331,SNP2223,9,78.273
PZE-109066885,SNP2219,9,78.896
PZE-109067522,SNP2218,9,78.922
PZE-109070379,SNP2225,9,79.402
PZE-109070552,SNP2226,9,79.83
PZE-109071200,SNP2227,9,81.345
PZE-109072049,SNP2228,9,82.231
SYN23066,SNP2230,9,83.302
PZE-109072691,SNP2229,9,84.025
PUT-163a-60342651-2460,SNP2231,9,86.663
PZE-109076932,SNP2234,9,88.677
PZE-109078393,SNP2238,9,88.949
PZE-109078558,SNP2239,9,88.977
PZE-109078269,SNP2237,9,88.993
SYN20233,SNP2233,9,89.577
PZE-109076378,SNP2232,9,89.739
SYN29095,SNP2236,9,90.092
PZE-109079358,SNP2240,9,90.503
PZB01432.1,SNP2241,9,92.384
PZE-109080626,SNP2242,9,93.476
SYN34677,SNP2243,9,94.773
SYNGENTA17001,SNP2244,9,95.318
PZE-109082594,SNP2245,9,96.119
PZE-109082883,SNP2246,9,97.06
PZE-109085111,SNP2247,9,99.038
PZE-109086221,SNP2249,9,99.694
PZE-109086063,SNP2248,9,99.712
PZE-109086475,SNP2250,9,99.99
PZA03670.1,SNP2251,9,100.359
PZE-109087395,SNP2253,9,100.677
PZE-109086881,SNP2252,9,100.696
PZE-109088452,SNP2254,9,102.772
PZE-109090188,SNP2256,9,103.637
SYN26334,SNP2255,9,104.086
SYN8884,SNP2257,9,105.014
SYN15255,SNP2258,9,107.045
PZE-109091780,SNP2259,9,107.055
SYN27201,SNP2261,9,108.233
PZE-109092156,SNP2260,9,108.251
PZE-109093628,SNP2262,9,109.821
PZE-109095932,SNP2263,9,112.188
PZE-109097067,SNP2264,9,114.207
PZE-109097290,SNP2265,9,114.216
PZE-109097752,SNP2266,9,115.112
PZE-109101217,SNP2267,9,120.092
PZE-109101698,SNP2269,9,120.24
SYN25124,SNP2268,9,120.306
SYN30131,SNP2270,9,122.11
PZE-109103267,SNP2271,9,125.16
PZE-109103697,SNP2272,9,126.19
PZE-109106589,SNP2273,9,130.509
PZE-109106743,SNP2274,9,131.015
PZE-109109569,SNP2275,9,137.899
PZE-109110455,SNP2276,9,138.774
PZE-109112516,SNP2278,9,142.839
SYN7122,SNP2277,9,144.013
PZE-109113590,SNP2279,9,145.97
PZE-109115209,SNP2280,9,150.866
SYN8366,SNP2281,9,150.876
PZE-109115897,SNP2282,9,152.418
PZE-109116876,SNP2284,9,152.64
PZE-109116158,SNP2283,9,153.532
SYN5732,SNP2286,9,160.608
PZE-109121548,SNP2288,9,161.359
PZE-109121160,SNP2287,9,161.961
SYN6659,SNP2285,9,163.499
PZE-110000614,SNP2289,10,0
PZE-110002023,SNP2290,10,4.019
PZE-110002415,SNP2291,10,5.032
SYN12403,SNP2292,10,8.073
PZE-110003780,SNP2293,10,14.242
SYN17109,SNP2294,10,15.833
SYN4482,SNP2295,10,22.496
PZE-110006344,SNP2296,10,28.78
SYNGENTA3615,SNP2298,10,35.6
PZE-110007326,SNP2297,10,35.697
PZE-110008028,SNP2299,10,41.306
PZE-110008495,SNP2300,10,46.124
PZE-110008811,SNP2301,10,46.809
PZE-110008936,SNP2302,10,48.797
PZE-110009869,SNP2304,10,55.745
PZE-110009497,SNP2303,10,56.513
PZE-110011312,SNP2305,10,60.856
SYN12506,SNP2306,10,61.416
PZE-110013212,SNP2307,10,65.869
PZE-110018270,SNP2322,10,66.511
SYN3967,SNP2312,10,66.522
PZE-110019367,SNP2327,10,66.588
PZE-110015435,SNP2314,10,66.832
PZE-110019056,SNP2326,10,66.834
PZE-110041441,SNP2379,10,67.19
PZE-110041070,SNP2378,10,67.323
PZE-110022598,SNP2338,10,67.575
PZE-110036594,SNP2371,10,67.575
PZE-110037723,SNP2372,10,67.599
PZE-110027837,SNP2341,10,67.63
PZE-110032981,SNP2362,10,67.662
PZE-110036481,SNP2370,10,67.671
SYN5351,SNP2355,10,67.701
PZE-110028069,SNP2342,10,67.714
PZE-110023112,SNP2340,10,67.748
PZE-110020896,SNP2329,10,68.114
PZE-110020440,SNP2328,10,68.19
PZE-110039222,SNP2375,10,68.323
PZE-110014082,SNP2309,10,69.019
PZE-110014176,SNP2310,10,69.175
PZE-110017982,SNP2319,10,69.369
PZE-110015359,SNP2313,10,69.392
PZE-110015504,SNP2315,10,69.393
PZE-110021179,SNP2331,10,69.826
SYN32811,SNP2337,10,69.856
PZE-110029400,SNP2345,10,69.877
PZE-110029713,SNP2346,10,69.879
PZE-110022937,SNP2339,10,69.881
PZE-110035284,SNP2365,10,69.893
PZE-110029004,SNP2343,10,69.988
SYN23117,SNP2330,10,70.481
PZE-110021609,SNP2333,10,70.708
PZE-110040601,SNP2377,10,71.035
PZE-110039445,SNP2376,10,71.037
PZE-110042705,SNP2380,10,73.058
PZE-110043433,SNP2381,10,73.351
PZE-110044190,SNP2382,10,74.294
PZE-110044460,SNP2383,10,74.63
PZE-110045961,SNP2385,10,75.333
PZE-110047107,SNP2391,10,75.85
PZE-110045288,SNP2384,10,75.964
PZE-110046521,SNP2388,10,76.15
PZE-110049734,SNP2400,10,76.253
PZE-110049018,SNP2398,10,76.641
PZE-110048385,SNP2396,10,76.777
PZE-110048466,SNP2397,10,76.854
PZE-110052758,SNP2413,10,77.441
PZE-110056306,SNP2420,10,77.467
PZE-110049921,SNP2401,10,77.482
SYN10720,SNP2412,10,77.501
PZE-110050659,SNP2404,10,77.567
PZE-110046476,SNP2387,10,78.177
PZE-110046685,SNP2389,10,78.18
PZE-110047800,SNP2392,10,78.294
PZE-110046826,SNP2390,10,78.338
PZE-110045983,SNP2386,10,78.509
PZE-110050295,SNP2402,10,78.772
PZE-110049642,SNP2399,10,78.91
PZE-110058112,SNP2425,10,79.362
PUT-163a-91874274-4780,SNP2426,10,79.52
PZE-110052323,SNP2411,10,79.942
PZE-110050798,SNP2405,10,79.974
PZE-110050559,SNP2403,10,79.988
PZE-110051552,SNP2409,10,80.055
PZE-110053289,SNP2414,10,80.14
PZE-110056646,SNP2421,10,80.554
PZE-110057174,SNP2422,10,80.641
PZE-110057598,SNP2423,10,81.285
PZE-110057940,SNP2424,10,81.639
PZE-110058308,SNP2427,10,81.722
PZE-110060007,SNP2428,10,83.311
SYN16990,SNP2430,10,84.179
PZE-110061626,SNP2431,10,84.569
PZE-110063669,SNP2434,10,86.159
PHM13687.14,SNP2433,10,86.193
PZE-110064304,SNP2435,10,87.303
PZE-110065778,SNP2437,10,88.069
PZE-110065112,SNP2436,10,88.083
SYN22379,SNP2438,10,88.772
PZE-110069146,SNP2443,10,89.29
SYN33523,SNP2445,10,89.599
PZE-110069626,SNP2444,10,89.688
PZE-110068110,SNP2441,10,90.084
SYN22810,SNP2440,10,90.157
PZE-110070679,SNP2447,10,90.65
PZE-110071740,SNP2448,10,90.943
PZE-110073151,SNP2449,10,91.6
PZE-110073500,SNP2450,10,92.298
PZE-110074199,SNP2451,10,93.961
PZE-110075161,SNP2452,10,97.921
PZE-110076077,SNP2453,10,98.816
PZE-110084185,SNP2456,10,101.877
PZE-110083952,SNP2455,10,102.235
SYN28385,SNP2457,10,103.432
PZE-110087783,SNP2458,10,113.261
SYN37373,SNP2461,10,118.613
PZE-110094577,SNP2462,10,121.253
PZE-110096735,SNP2463,10,132.138
PZA-002969009,SNP2465,10,132.839
PZE-110099063,SNP2466,10,133.579
SYN22940,SNP2464,10,134.08
PZE-110102769,SNP2467,10,141.813
SYN11747,SNP2468,10,142.891
PZE-110106108,SNP2469,10,146.345
PZE-110111368,SNP2471,10,150.003
PZE-110110920,SNP2470,10,151.857
